{
  "category": "Contrasts",
  "name": "Lime 2",
  "color_count": 4,
  "colors": [
    {
      "r": 6,
      "g": 6,
      "b": 6,
      "percentage": 41.21915820029027
    },
    {
      "r": 254,
      "g": 37,
      "b": 247,
      "percentage": 21.04499274310595
    },
    {
      "r": 114,
      "g": 145,
      "b": 0,
      "percentage": 22.786647314949203
    },
    {
      "r": 222,
      "g": 222,
      "b": 222,
      "percentage": 14.949201741654573
    }
  ]
}