{
  "category": "Contrasts",
  "name": "Pop 2",
  "color_count": 4,
  "colors": [
    {
      "r": 17,
      "g": 19,
      "b": 22,
      "percentage": 39.78825927813557
    },
    {
      "r": 31,
      "g": 54,
      "b": 184,
      "percentage": 10.972756336005189
    },
    {
      "r": 246,
      "g": 65,
      "b": 111,
      "percentage": 19.865171662882826
    },
    {
      "r": 204,
      "g": 204,
      "b": 204,
      "percentage": 29.373812722976417
    }
  ]
}