{
  "category": "Contrasts",
  "name": "Sweets 2",
  "color_count": 4,
  "colors": [
    {
      "r": 8,
      "g": 32,
      "b": 19,
      "percentage": 24.99880067162389
    },
    {
      "r": 94,
      "g": 98,
      "b": 80,
      "percentage": 25.00119932837611
    },
    {
      "r": 252,
      "g": 67,
      "b": 105,
      "percentage": 24.99880067162389
    },
    {
      "r": 227,
      "g": 219,
      "b": 210,
      "percentage": 25.00119932837611
    }
  ]
}