{
  "category": "Acid Graphics",
  "name": "Raw Sewage",
  "color_count": 4,
  "colors": [
    {
      "r": 82,
      "g": 85,
      "b": 85,
      "percentage": 23.43439214031704
    },
    {
      "r": 108,
      "g": 165,
      "b": 186,
      "percentage": 16.485845739658046
    },
    {
      "r": 156,
      "g": 187,
      "b": 87,
      "percentage": 2.6319490486810118
    },
    {
      "r": 215,
      "g": 249,
      "b": 77,
      "percentage": 7.603519980712435
    }
  ]
}