{
  "category": "Retro",
  "name": "Handheld 6",
  "color_count": 4,
  "colors": [
    {
      "r": 70,
      "g": 89,
      "b": 19,
      "percentage": 26.277153558052436
    },
    {
      "r": 120,
      "g": 148,
      "b": 30,
      "percentage": 22.831460674157302
    },
    {
      "r": 169,
      "g": 199,
      "b": 107,
      "percentage": 13.228464419475655
    },
    {
      "r": 172,
      "g": 219,
      "b": 14,
      "percentage": 37.662921348314605
    }
  ]
}