{
  "category": "Abstract",
  "name": "Crystalline 4",
  "color_count": 4,
  "colors": [
    {
      "r": 12,
      "g": 12,
      "b": 13,
      "percentage": 24.460727728983688
    },
    {
      "r": 62,
      "g": 82,
      "b": 119,
      "percentage": 9.331994981179422
    },
    {
      "r": 97,
      "g": 139,
      "b": 249,
      "percentage": 42.24843161856964
    },
    {
      "r": 216,
      "g": 223,
      "b": 254,
      "percentage": 23.95884567126725
    }
  ]
}