{
  "category": "Retro",
  "name": "Red Wine",
  "color_count": 4,
  "colors": [
    {
      "r": 24,
      "g": 21,
      "b": 23,
      "percentage": 42.48568270873104
    },
    {
      "r": 212,
      "g": 64,
      "b": 84,
      "percentage": 18.405505877624837
    },
    {
      "r": 123,
      "g": 121,
      "b": 123,
      "percentage": 7.133527579624234
    },
    {
      "r": 207,
      "g": 195,
      "b": 204,
      "percentage": 31.97528383401989
    }
  ]
}