{
  "category": "Retro",
  "name": "Wine",
  "color_count": 4,
  "colors": [
    {
      "r": 8,
      "g": 5,
      "b": 7,
      "percentage": 32.48477808043583
    },
    {
      "r": 136,
      "g": 53,
      "b": 70,
      "percentage": 23.304558564332638
    },
    {
      "r": 148,
      "g": 145,
      "b": 155,
      "percentage": 21.89252523634033
    },
    {
      "r": 208,
      "g": 220,
      "b": 227,
      "percentage": 22.318138118891202
    }
  ]
}