{
  "category": "Lofi Heat",
  "name": "Emerald",
  "color_count": 4,
  "colors": [
    {
      "r": 0,
      "g": 4,
      "b": 5,
      "percentage": 38.58520900321543
    },
    {
      "r": 5,
      "g": 65,
      "b": 70,
      "percentage": 15.112540192926044
    },
    {
      "r": 209,
      "g": 212,
      "b": 64,
      "percentage": 19.333629005432975
    },
    {
      "r": 234,
      "g": 255,
      "b": 201,
      "percentage": 26.968621798425545
    }
  ]
}