{
  "category": "Lofi Heat",
  "name": "Flamingo",
  "color_count": 4,
  "colors": [
    {
      "r": 245,
      "g": 28,
      "b": 247,
      "percentage": 7.9113924050632916
    },
    {
      "r": 231,
      "g": 162,
      "b": 236,
      "percentage": 10.339561985131605
    },
    {
      "r": 136,
      "g": 253,
      "b": 22,
      "percentage": 5.063291139240507
    },
    {
      "r": 210,
      "g": 213,
      "b": 208,
      "percentage": 41.38436809322885
    }
  ]
}