{
  "category": "Lofi Heat",
  "name": "Frozen 2",
  "color_count": 4,
  "colors": [
    {
      "r": 0,
      "g": 0,
      "b": 27,
      "percentage": 14.95264138231681
    },
    {
      "r": 6,
      "g": 33,
      "b": 219,
      "percentage": 6.800618238021638
    },
    {
      "r": 0,
      "g": 237,
      "b": 231,
      "percentage": 7.2642967542503865
    },
    {
      "r": 3,
      "g": 252,
      "b": 126,
      "percentage": 6.6143542186818856
    }
  ]
}