{
  "category": "Lofi Heat",
  "name": "Frozen",
  "color_count": 4,
  "colors": [
    {
      "r": 0,
      "g": 2,
      "b": 49,
      "percentage": 23.956723338485318
    },
    {
      "r": 4,
      "g": 25,
      "b": 184,
      "percentage": 13.910355486862441
    },
    {
      "r": 1,
      "g": 245,
      "b": 181,
      "percentage": 21.142947727182655
    },
    {
      "r": 254,
      "g": 254,
      "b": 254,
      "percentage": 40.98997344746959
    }
  ]
}