{
  "category": "Lofi Heat",
  "name": "Miami 2",
  "color_count": 4,
  "colors": [
    {
      "r": 39,
      "g": 40,
      "b": 40,
      "percentage": 81.75370065789474
    },
    {
      "r": 249,
      "g": 122,
      "b": 224,
      "percentage": 8.7890625
    },
    {
      "r": 11,
      "g": 209,
      "b": 156,
      "percentage": 4.605263157894736
    },
    {
      "r": 163,
      "g": 227,
      "b": 219,
      "percentage": 4.8519736842105265
    }
  ]
}