{
  "category": "Lofi Heat",
  "name": "Miami",
  "color_count": 4,
  "colors": [
    {
      "r": 15,
      "g": 125,
      "b": 108,
      "percentage": 17.209302325581397
    },
    {
      "r": 253,
      "g": 97,
      "b": 251,
      "percentage": 31.16279069767442
    },
    {
      "r": 38,
      "g": 241,
      "b": 180,
      "percentage": 22.790697674418606
    },
    {
      "r": 193,
      "g": 211,
      "b": 231,
      "percentage": 28.837209302325583
    }
  ]
}