{
  "category": "Lofi Heat",
  "name": "Miami 4",
  "color_count": 4,
  "colors": [
    {
      "r": 13,
      "g": 6,
      "b": 13,
      "percentage": 37.35768500948767
    },
    {
      "r": 5,
      "g": 87,
      "b": 108,
      "percentage": 9.242567994939911
    },
    {
      "r": 229,
      "g": 89,
      "b": 159,
      "percentage": 3.6764705882352944
    },
    {
      "r": 118,
      "g": 234,
      "b": 241,
      "percentage": 5.099620493358634
    }
  ]
}