{
  "category": "Lofi Heat",
  "name": "Miami 3",
  "color_count": 4,
  "colors": [
    {
      "r": 38,
      "g": 41,
      "b": 44,
      "percentage": 63.57674418604651
    },
    {
      "r": 254,
      "g": 90,
      "b": 152,
      "percentage": 11.632558139534883
    },
    {
      "r": 20,
      "g": 159,
      "b": 224,
      "percentage": 10.29767441860465
    },
    {
      "r": 197,
      "g": 194,
      "b": 229,
      "percentage": 14.493023255813952
    }
  ]
}