{
  "category": "Lofi Heat",
  "name": "Mirage",
  "color_count": 4,
  "colors": [
    {
      "r": 108,
      "g": 46,
      "b": 12,
      "percentage": 17.07598212185368
    },
    {
      "r": 240,
      "g": 116,
      "b": 23,
      "percentage": 21.236179722418257
    },
    {
      "r": 167,
      "g": 179,
      "b": 164,
      "percentage": 45.62220653963773
    },
    {
      "r": 177,
      "g": 189,
      "b": 59,
      "percentage": 16.065631616090332
    }
  ]
}