{
  "category": "Lofi Heat",
  "name": "Palm Tree",
  "color_count": 4,
  "colors": [
    {
      "r": 24,
      "g": 24,
      "b": 24,
      "percentage": 39.7731064397731
    },
    {
      "r": 234,
      "g": 114,
      "b": 51,
      "percentage": 12.479145812479146
    },
    {
      "r": 89,
      "g": 232,
      "b": 76,
      "percentage": 6.97364030697364
    },
    {
      "r": 219,
      "g": 237,
      "b": 217,
      "percentage": 1.4681348014681348
    }
  ]
}