{
  "category": "Lofi Heat",
  "name": "Sky",
  "color_count": 4,
  "colors": [
    {
      "r": 24,
      "g": 26,
      "b": 27,
      "percentage": 7.960199004975125
    },
    {
      "r": 99,
      "g": 171,
      "b": 194,
      "percentage": 4.999692893556907
    },
    {
      "r": 208,
      "g": 152,
      "b": 190,
      "percentage": 4.173576561636263
    },
    {
      "r": 212,
      "g": 227,
      "b": 241,
      "percentage": 4.449972360420121
    }
  ]
}