{
  "category": "Lofi Heat",
  "name": "Skyline",
  "color_count": 4,
  "colors": [
    {
      "r": 156,
      "g": 97,
      "b": 239,
      "percentage": 10.037614724910979
    },
    {
      "r": 254,
      "g": 138,
      "b": 95,
      "percentage": 9.761773408897136
    },
    {
      "r": 171,
      "g": 178,
      "b": 171,
      "percentage": 18.374040824514772
    },
    {
      "r": 160,
      "g": 240,
      "b": 99,
      "percentage": 5.794673754952606
    }
  ]
}