{
  "category": "Lofi Heat",
  "name": "Skyline 2",
  "color_count": 4,
  "colors": [
    {
      "r": 169,
      "g": 93,
      "b": 221,
      "percentage": 14.63162646070515
    },
    {
      "r": 244,
      "g": 90,
      "b": 87,
      "percentage": 33.16916595616631
    },
    {
      "r": 142,
      "g": 135,
      "b": 134,
      "percentage": 28.03149606299213
    },
    {
      "r": 169,
      "g": 193,
      "b": 154,
      "percentage": 24.167711520136418
    }
  ]
}