{
  "category": "Lofi Heat",
  "name": "Sunburn",
  "color_count": 4,
  "colors": [
    {
      "r": 250,
      "g": 5,
      "b": 65,
      "percentage": 30.516742953505176
    },
    {
      "r": 251,
      "g": 92,
      "b": 83,
      "percentage": 12.48494338713563
    },
    {
      "r": 239,
      "g": 173,
      "b": 99,
      "percentage": 18.425279049225086
    },
    {
      "r": 224,
      "g": 198,
      "b": 184,
      "percentage": 38.5730346101341
    }
  ]
}