{
  "category": "Lofi Heat",
  "name": "Vice 2",
  "color_count": 4,
  "colors": [
    {
      "r": 0,
      "g": 17,
      "b": 12,
      "percentage": 46.727549467275495
    },
    {
      "r": 176,
      "g": 4,
      "b": 216,
      "percentage": 6.0882800608828
    },
    {
      "r": 221,
      "g": 137,
      "b": 96,
      "percentage": 12.480974124809741
    },
    {
      "r": 8,
      "g": 234,
      "b": 161,
      "percentage": 5.32724505327245
    }
  ]
}