{
  "category": "Lofi Heat",
  "name": "Vice",
  "color_count": 4,
  "colors": [
    {
      "r": 31,
      "g": 36,
      "b": 34,
      "percentage": 29.01222753854333
    },
    {
      "r": 111,
      "g": 4,
      "b": 135,
      "percentage": 16.126528442317916
    },
    {
      "r": 148,
      "g": 225,
      "b": 191,
      "percentage": 29.833067517278046
    },
    {
      "r": 158,
      "g": 250,
      "b": 21,
      "percentage": 25.02817650186071
    }
  ]
}