{
  "category": "Nature",
  "name": "Redwood",
  "color_count": 4,
  "colors": [
    {
      "r": 36,
      "g": 20,
      "b": 6,
      "percentage": 30.978348035284682
    },
    {
      "r": 40,
      "g": 38,
      "b": 35,
      "percentage": 29.703287890938253
    },
    {
      "r": 83,
      "g": 48,
      "b": 19,
      "percentage": 28.426222935044105
    },
    {
      "r": 157,
      "g": 117,
      "b": 84,
      "percentage": 10.89214113873296
    }
  ]
}